S1_id,S0_id,s2_id_list,T_init,num_decays,inv_R_us,n_cool,t_cool_ms,n_cool/n10,closure,t_cool_ms_4K,n_cool_n10_ratio_4K,lambda_list_nm,BR_list
2,10,"[10, 12]",4.0,2,10833.063,13261.0,143657.0,0.0,1.0,143657.0,0.0,"[3349.82, 3463.02]","[0.376088, 0.623912]"
2,12,"[10, 12]",61.0,2,10833.063,51774.0,560867.0,0.0,1.0,143657.0,0.0,"[3349.82, 3463.02]","[0.376088, 0.623912]"