S1_id,S0_id,s2_id_list,T_init,num_decays,inv_R_us,n_cool,t_cool_ms,n_cool/n10,closure,t_cool_ms_4K,n_cool_n10_ratio_4K,lambda_list_nm,BR_list
107,1,"[4, 3, 205, 2, 204, 1, 203]",4.0,7,85.881,4515.0,388.0,0.4011233580823205,0.99979547,388.0,0.4011233580823205,"[3228.83, 1965.82, 1970.15, 1407.85, 1410.08, 1093.44, 1094.8]","[0.000426, 0.014372, 0.006949, 0.152685, 0.074443, 0.504056, 0.246864]"
6,102,"[105, 104, 346, 103, 345, 102, 344]",4.0,7,85.883,4515.0,388.0,0.4255114937537619,0.99978303,388.0,0.4255114937537619,"[3232.68, 1967.28, 1967.28, 1408.6, 1408.6, 1093.89, 1093.9]","[0.000414, 0.014094, 0.007226, 0.150445, 0.076688, 0.497916, 0.253]"
6,344,"[105, 104, 346, 103, 345, 102, 344]",4.0,7,85.883,4515.0,388.0,0.4255114937537619,0.99978303,388.0,0.4255114937537619,"[3232.68, 1967.28, 1967.28, 1408.6, 1408.6, 1093.89, 1093.9]","[0.000414, 0.014094, 0.007226, 0.150445, 0.076688, 0.497916, 0.253]"
107,203,"[4, 3, 205, 2, 204, 1, 203]",7.1,7,85.881,6009.0,516.0,0.5338614504065123,0.99979547,388.0,0.4011233580823206,"[3228.83, 1965.82, 1970.15, 1407.85, 1410.08, 1093.44, 1094.8]","[0.000426, 0.014372, 0.006949, 0.152685, 0.074443, 0.504056, 0.246864]"
2,102,"[102, 344]",4.0,2,339870.17,19023.0,6465257.0,0.0,1.0,6465257.0,0.0,"[4905.3, 4905.31]","[0.327216, 0.672784]"
2,344,"[102, 344]",4.0,2,339870.17,19023.0,6465257.0,0.0,1.0,6465257.0,0.0,"[4905.3, 4905.31]","[0.327216, 0.672784]"