S1_id,S0_id,s2_id_list,T_init,num_decays,inv_R_us,n_cool,t_cool_ms,n_cool/n10,closure,t_cool_ms_4K,n_cool_n10_ratio_4K,lambda_list_nm,BR_list
"""34""","""151""","[""151"", ""541"", ""152"", ""542"", ""153"", ""543""]",4.0,6,0.216,2845.0,0.615,0.9657085220262596,0.99921862,0.61,0.9657085220262596,"[482.14, 482.14, 502.89, 502.89, 525.35, 525.35]","[0.36344, 0.52388, 0.038013, 0.06476, 0.003189, 0.005936]"
"""34""","""541""","[""151"", ""541"", ""152"", ""542"", ""153"", ""543""]",4.0,6,0.216,2845.0,0.615,0.9657085220262596,0.99921862,0.61,0.9657085220262596,"[482.14, 482.14, 502.89, 502.89, 525.35, 525.35]","[0.36344, 0.52388, 0.038013, 0.06476, 0.003189, 0.005936]"
"""184""","""301""","[""1"", ""301"", ""2"", ""302"", ""3"", ""303""]",4.0,6,0.217,2845.0,0.618,0.9646872699870311,0.99921945,0.62,0.9646872699870311,"[482.1, 482.15, 502.85, 502.9, 525.3, 525.36]","[0.232047, 0.655269, 0.030649, 0.072128, 0.002901, 0.006226]"
"""184""","""1""","[""1"", ""301"", ""2"", ""302"", ""3"", ""303""]",4.0,6,0.217,2845.0,0.618,0.9646872699870311,0.99921945,0.62,0.9646872699870311,"[482.1, 482.15, 502.85, 502.9, 525.3, 525.36]","[0.232047, 0.655269, 0.030649, 0.072128, 0.002901, 0.006226]"