S1_id,S0_id,s2_id_list,T_init,num_decays,inv_R_us,n_cool,t_cool_ms,n_cool/n10,closure,t_cool_ms_4K,n_cool_n10_ratio_4K,lambda_list_nm,BR_list
722,428,"[428, 429, 430, 431]",6.8,4,65.67,6643.0,436.0,0.01628078878982446,0.99999436,335.0,0.012491158044714453,"[1209.6, 1552.84, 2154.83, 3483.23]","[0.678616, 0.28349, 0.036492, 0.001397]"
1490,1196,"[1196, 1197, 1198, 1199]",22.6,4,65.75,12126.0,797.0,0.029578755195649436,0.99999438,335.0,0.01243625038799801,"[1210.02, 1553.47, 2155.92, 3485.74]","[0.678653, 0.28347, 0.036475, 0.001395]"
2258,1964,"[1964, 1965, 1966, 1967]",47.5,4,65.885,17582.0,1158.0,0.04256958907215892,0.99999442,336.0,0.012350743422280526,"[1210.67, 1554.45, 2157.62, 3489.7]","[0.67872, 0.283431, 0.036451, 0.001392]"
3026,2732,"[2732, 2733, 2734, 2735]",81.5,4,66.065,23036.0,1522.0,0.05521112313050488,0.99999448,337.0,0.012234495480060873,"[1211.57, 1555.79, 2159.95, 3495.1]","[0.678808, 0.283381, 0.036418, 0.001388]"
3794,3500,"[3500, 3501, 3502, 3503]",124.4,4,66.295,28498.0,1889.0,0.06741955570375781,0.99999455,339.0,0.012088079139772006,"[1212.7, 1557.49, 2162.9, 3501.96]","[0.678916, 0.283319, 0.036376, 0.001383]"
4562,4268,"[4268, 4269, 4270, 4271]",176.4,4,66.575,33973.0,2262.0,0.07911450216733637,0.99999464,341.0,0.011912423355345815,"[1214.08, 1559.56, 2166.49, 3510.31]","[0.679046, 0.283247, 0.036324, 0.001377]"
5330,5036,"[5036, 5037, 5038, 5039]",237.5,4,66.905,39466.0,2640.0,0.0902033847990462,0.99999474,343.0,0.011707522647938973,"[1215.69, 1561.98, 2170.71, 3520.15]","[0.679201, 0.283161, 0.036263, 0.00137]"
6098,5804,"[5804, 5805, 5806, 5807]",307.5,4,67.285,44980.0,3027.0,0.10061539994011352,0.99999485,345.0,0.011475663242629571,"[1217.55, 1564.78, 2175.57, 3531.51]","[0.679383, 0.283057, 0.036193, 0.001362]"
6863,6571,"[6571, 6572, 6573, 6574]",386.5,4,67.72,50518.0,3421.0,0.11025871353458137,0.99999497,348.0,0.011216560544525689,"[1219.66, 1567.95, 2181.09, 3544.42]","[0.679585, 0.282943, 0.036114, 0.001353]"